,items_IQ,items_SQ,items_SERVQ,items_USE,items_USAT,items_NETB
0,57.0,15.0,24.0,21.0,254.0,49.0
1,38.25306080823938,45.882450860647275,47.566715029018575,46.701968005209054,20.10934478715731,42.51087035781677
